{"loss": [0.7649009823799133, 0.2986900508403778, 0.25593093037605286, 0.22928965091705322, 0.2088828682899475, 0.19710218906402588, 0.18038775026798248, 0.17035885155200958, 0.16110198199748993, 0.15729470551013947, 0.14270564913749695, 0.13299930095672607, 0.12025713175535202, 0.11835172772407532, 0.10843171924352646, 0.1038757860660553, 0.10702969133853912, 0.09482306987047195, 0.08377248793840408, 0.09026584774255753], "accuracy": [0.8312708139419556, 0.8913124799728394, 0.9052708148956299, 0.9149166941642761, 0.9223333597183228, 0.9262708425521851, 0.9332708120346069, 0.9358541369438171, 0.9394999742507935, 0.9415416717529297, 0.9467083215713501, 0.9506458044052124, 0.9552083611488342, 0.9572916626930237, 0.9603124856948853, 0.9617708325386047, 0.9621875286102295, 0.965416669845581, 0.9706875085830688, 0.9679166674613953], "val_loss": [0.3340936005115509, 0.29560932517051697, 0.31115925312042236, 0.269075870513916, 0.26664167642593384, 0.2793075740337372, 0.2934717535972595, 0.27846193313598633, 0.28871676325798035, 0.30873873829841614, 0.33496764302253723, 0.33316129446029663, 0.30970528721809387, 0.3972773551940918, 0.35550782084465027, 0.3887142241001129, 0.36659353971481323, 0.4047744572162628, 0.4490589499473572, 0.5093870162963867], "val_accuracy": [0.8825833201408386, 0.893750011920929, 0.8850833177566528, 0.9038333296775818, 0.9035000205039978, 0.9082499742507935, 0.909333348274231, 0.9079999923706055, 0.9128333330154419, 0.9069166779518127, 0.9003333449363708, 0.9105833172798157, 0.9107499718666077, 0.906000018119812, 0.9076666831970215, 0.9057499766349792, 0.9106666445732117, 0.9104166626930237, 0.906000018119812, 0.902999997138977]}