{"loss": [1.4089992046356201, 0.5147876143455505, 0.42868730425834656, 0.38905230164527893, 0.36484435200691223, 0.3483792841434479, 0.33735013008117676, 0.32648470997810364, 0.31608399748802185, 0.31569579243659973, 0.30748969316482544, 0.3042713403701782, 0.30300983786582947, 0.2951532304286957, 0.2973144054412842, 0.2914443612098694, 0.28875428438186646, 0.2888234555721283, 0.28575727343559265, 0.2813650965690613], "accuracy": [0.6822500228881836, 0.8096874952316284, 0.8438958525657654, 0.8586875200271606, 0.8650416731834412, 0.8709583282470703, 0.8761041760444641, 0.8785208463668823, 0.8832708597183228, 0.8837500214576721, 0.8866249918937683, 0.8887916803359985, 0.8868958353996277, 0.8907291889190674, 0.890874981880188, 0.8923958539962769, 0.8934791684150696, 0.8922916650772095, 0.8936874866485596, 0.8952916860580444], "val_loss": [0.5140843987464905, 0.4189011752605438, 0.3644641935825348, 0.30437910556793213, 0.3186180591583252, 0.3014443814754486, 0.27587440609931946, 0.27831318974494934, 0.2759224772453308, 0.2592378258705139, 0.2650570273399353, 0.26667168736457825, 0.26021528244018555, 0.2831912934780121, 0.2538939118385315, 0.24797292053699493, 0.2498382031917572, 0.2751294672489166, 0.24316100776195526, 0.24617384374141693], "val_accuracy": [0.7944166660308838, 0.8403333425521851, 0.8654999732971191, 0.887499988079071, 0.8845833539962769, 0.8880833387374878, 0.9000833630561829, 0.8973333239555359, 0.8973333239555359, 0.9050833582878113, 0.902999997138977, 0.9024999737739563, 0.906499981880188, 0.8979166746139526, 0.9081666469573975, 0.9098333120346069, 0.9089999794960022, 0.8989166617393494, 0.9107499718666077, 0.9121666550636292]}