{"loss": [1.472391963005066, 0.6004528403282166, 0.4973129332065582, 0.4411754012107849, 0.4145198464393616, 0.3841726779937744, 0.3622073531150818, 0.3481212854385376, 0.3408655524253845, 0.3281814157962799, 0.32310760021209717, 0.31635165214538574, 0.31572434306144714, 0.3035743236541748, 0.2971457839012146, 0.2915116846561432, 0.2946225702762604, 0.29174569249153137, 0.28484004735946655, 0.2866017520427704, 0.28533735871315, 0.2754775881767273, 0.2804933488368988, 0.27960625290870667, 0.27569323778152466, 0.274949312210083, 0.2772231996059418, 0.26863810420036316, 0.2701059877872467, 0.26627370715141296, 0.2625308334827423, 0.2725531756877899, 0.26945751905441284, 0.2650250792503357, 0.266995370388031, 0.2605142295360565, 0.264130175113678, 0.26313602924346924, 0.26162347197532654, 0.25918009877204895, 0.26235106587409973, 0.2634719908237457, 0.26493677496910095, 0.261449933052063, 0.25771957635879517, 0.2541499137878418, 0.2589394748210907, 0.26059573888778687, 0.2607501149177551, 0.2601790428161621, 0.2552679777145386, 0.2558973729610443, 0.25767338275909424, 0.25881844758987427, 0.2587115168571472, 0.25441545248031616, 0.2555939853191376, 0.25598397850990295, 0.2521819770336151, 0.25786760449409485], "accuracy": [0.6022708415985107, 0.7774583101272583, 0.8181250095367432, 0.8396250009536743, 0.8480833172798157, 0.8594375252723694, 0.8661458492279053, 0.8735208511352539, 0.8740833401679993, 0.877958357334137, 0.8812916874885559, 0.8821458220481873, 0.8842708468437195, 0.8866666555404663, 0.8899166584014893, 0.8928333520889282, 0.89041668176651, 0.890958309173584, 0.8948125243186951, 0.8941666483879089, 0.8957291841506958, 0.8968333601951599, 0.8943750262260437, 0.898270845413208, 0.8983749747276306, 0.8973333239555359, 0.898520827293396, 0.9001666903495789, 0.8979374766349792, 0.9018124938011169, 0.9027708172798157, 0.9004166722297668, 0.9009166955947876, 0.9023749828338623, 0.9006458520889282, 0.9045000076293945, 0.9037708044052124, 0.9029791951179504, 0.9037083387374878, 0.9038541913032532, 0.9026874899864197, 0.903333306312561, 0.9018958210945129, 0.9028333425521851, 0.9053333401679993, 0.905916690826416, 0.9063541889190674, 0.9035000205039978, 0.9040208458900452, 0.9026666879653931, 0.9055208563804626, 0.9072916507720947, 0.903208315372467, 0.9045416712760925, 0.9052916765213013, 0.9057291746139526, 0.9056666493415833, 0.9059791564941406, 0.9082499742507935, 0.9054166674613953], "val_loss": [0.6448192000389099, 0.5102002620697021, 0.3918185532093048, 0.34482309222221375, 0.32270821928977966, 0.3032485842704773, 0.29027047753334045, 0.2894512414932251, 0.26647162437438965, 0.2629685699939728, 0.2766612470149994, 0.25661715865135193, 0.25904199481010437, 0.24987861514091492, 0.25946709513664246, 0.24427223205566406, 0.24892199039459229, 0.23619535565376282, 0.2465173602104187, 0.24889536201953888, 0.2422591745853424, 0.2399880737066269, 0.23163822293281555, 0.23597398400306702, 0.2391669750213623, 0.26051077246665955, 0.2535986602306366, 0.25108522176742554, 0.25537776947021484, 0.2324107438325882, 0.23776262998580933, 0.23664793372154236, 0.23299476504325867, 0.2319481372833252, 0.2394256591796875, 0.2308339625597, 0.23868075013160706, 0.24097725749015808, 0.22642147541046143, 0.22135913372039795, 0.2458430826663971, 0.2399272322654724, 0.2380700409412384, 0.22326132655143738, 0.22080576419830322, 0.2489060014486313, 0.2186959981918335, 0.2538907825946808, 0.23455631732940674, 0.2355787754058838, 0.23154254257678986, 0.23086193203926086, 0.23234997689723969, 0.23119956254959106, 0.22599287331104279, 0.2483673244714737, 0.24083074927330017, 0.23481819033622742, 0.23192061483860016, 0.23661410808563232], "val_accuracy": [0.7581666707992554, 0.8034999966621399, 0.8511666655540466, 0.8701666593551636, 0.8813333511352539, 0.8895833492279053, 0.8918333053588867, 0.8924999833106995, 0.9024166464805603, 0.9025833606719971, 0.9006666541099548, 0.9055833220481873, 0.9046666622161865, 0.909500002861023, 0.9075000286102295, 0.9110000133514404, 0.905916690826416, 0.9117500185966492, 0.9102500081062317, 0.9066666960716248, 0.9118333458900452, 0.9138333201408386, 0.9169999957084656, 0.9133333563804626, 0.9140833616256714, 0.9068333506584167, 0.9115833044052124, 0.9072499871253967, 0.9089999794960022, 0.9136666655540466, 0.9151666760444641, 0.9126666784286499, 0.9171666502952576, 0.9179166555404663, 0.9155833125114441, 0.9204999804496765, 0.9159166812896729, 0.9149166941642761, 0.92208331823349, 0.922249972820282, 0.9117500185966492, 0.9152500033378601, 0.9142500162124634, 0.9175833463668823, 0.918749988079071, 0.9130833148956299, 0.922249972820282, 0.9101666808128357, 0.9185000061988831, 0.9159166812896729, 0.9173333048820496, 0.9224166870117188, 0.9154999852180481, 0.9175000190734863, 0.9203333258628845, 0.9157500267028809, 0.9152500033378601, 0.9148333072662354, 0.9198333621025085, 0.9196666479110718]}