{"loss": [1.6531518697738647, 0.5650535225868225, 0.469876229763031, 0.4185557961463928, 0.3833163380622864, 0.359675794839859, 0.3493024408817291, 0.3319554030895233, 0.3190968334674835, 0.3093385696411133, 0.30326715111732483, 0.2943846583366394, 0.289829820394516, 0.28820279240608215, 0.27893924713134766, 0.272441029548645, 0.27270519733428955, 0.2713915705680847, 0.26412442326545715, 0.2619970738887787, 0.26337435841560364, 0.2553650140762329, 0.25418218970298767, 0.2567048966884613, 0.25189682841300964, 0.2512362003326416, 0.24493612349033356, 0.2492372691631317, 0.24524611234664917, 0.24216151237487793, 0.23906555771827698, 0.2412799447774887, 0.24205027520656586, 0.23656535148620605, 0.2333640307188034, 0.23805014789104462, 0.23370680212974548, 0.23510903120040894, 0.23148834705352783, 0.23433424532413483], "accuracy": [0.6556458473205566, 0.7953333258628845, 0.8263750076293945, 0.8454791903495789, 0.859291672706604, 0.8666666746139526, 0.871958315372467, 0.8756041526794434, 0.8818958401679993, 0.8864166736602783, 0.8886874914169312, 0.8910833597183228, 0.890458345413208, 0.8931249976158142, 0.8958958387374878, 0.8976874947547913, 0.8994583487510681, 0.8989375233650208, 0.901520848274231, 0.9010833501815796, 0.9010833501815796, 0.9051874876022339, 0.9050833582878113, 0.9024999737739563, 0.9066666960716248, 0.9055833220481873, 0.9078750014305115, 0.9078124761581421, 0.9074166417121887, 0.9091041684150696, 0.910895824432373, 0.9089583158493042, 0.9093124866485596, 0.911145806312561, 0.9122083187103271, 0.910729169845581, 0.9122291803359985, 0.9134583473205566, 0.9140833616256714, 0.9128541946411133], "val_loss": [0.5458120703697205, 0.40828636288642883, 0.3518041670322418, 0.340361624956131, 0.2960604131221771, 0.3037854731082916, 0.3162958025932312, 0.2725132405757904, 0.2653186321258545, 0.2761465311050415, 0.26698562502861023, 0.26955699920654297, 0.25336959958076477, 0.25341787934303284, 0.24727614223957062, 0.24253328144550323, 0.2355259656906128, 0.2333941012620926, 0.2679079473018646, 0.23078493773937225, 0.2260758876800537, 0.2390575110912323, 0.23279014229774475, 0.2327321320772171, 0.2342386692762375, 0.232343852519989, 0.22941824793815613, 0.22721435129642487, 0.22841277718544006, 0.2297060340642929, 0.22783693671226501, 0.2308720350265503, 0.23897068202495575, 0.23241886496543884, 0.21728120744228363, 0.23700697720050812, 0.22877384722232819, 0.22170352935791016, 0.22577908635139465, 0.21343617141246796], "val_accuracy": [0.8004166483879089, 0.8501666784286499, 0.8679166436195374, 0.8755833506584167, 0.890250027179718, 0.8880833387374878, 0.8841666579246521, 0.9020833373069763, 0.906166672706604, 0.8986666798591614, 0.9028333425521851, 0.9044166803359985, 0.9096666574478149, 0.9079999923706055, 0.9137499928474426, 0.9140833616256714, 0.9128333330154419, 0.9140833616256714, 0.902999997138977, 0.9164166450500488, 0.9192500114440918, 0.9133333563804626, 0.9156666398048401, 0.9166666865348816, 0.9177500009536743, 0.9169999957084656, 0.9169999957084656, 0.9196666479110718, 0.9202499985694885, 0.9184166789054871, 0.9197499752044678, 0.9179999828338623, 0.9155833125114441, 0.9166666865348816, 0.9207500219345093, 0.9201666712760925, 0.9201666712760925, 0.9212499856948853, 0.9200833439826965, 0.9232500195503235]}