{"loss": [4.751729488372803, 3.875798225402832, 3.2101376056671143, 2.651900053024292, 2.193171739578247, 1.8589521646499634, 1.6315172910690308, 1.4374868869781494, 1.1915714740753174, 1.121115803718567], "accuracy": [0.042500000447034836, 0.09875000268220901, 0.18437500298023224, 0.2618750035762787, 0.372784823179245, 0.4543749988079071, 0.512499988079071, 0.5643749833106995, 0.6274999976158142, 0.6456249952316284], "val_loss": [4.176202774047852, 3.213690757751465, 2.5006375312805176, 1.8968919515609741, 1.5748553276062012, 1.2200713157653809, 1.3445340394973755, 0.9363561868667603, 0.9908710718154907, 0.6397145986557007], "val_accuracy": [0.05375000089406967, 0.19750000536441803, 0.35874998569488525, 0.47749999165534973, 0.5562499761581421, 0.6362500190734863, 0.5962499976158142, 0.7225000262260437, 0.7162500023841858, 0.8050000071525574]}